{"moduleName":null,"summaries":[{"symbol":{"__symbol":0,"members":[]},"metadata":{"__symbolic":"class","extends":{"__symbol":1,"members":[]},"members":{"version":[{"__symbolic":"property","decorators":[{"__symbolic":"call","expression":{"__symbol":2,"members":[]},"arguments":[{"id":"version_5b7f9c6c_lcou","name":"{{version_5b7f9c6c_lcou}}","binding":"version","updateOn":"blur","valueConverter":{"__symbolic":"new","expression":{"__symbol":3,"members":[]},"arguments":["yyyy-MM-dd"]},"defaultI18nValue":"版本"}]}]}],"name":[{"__symbolic":"property","decorators":[{"__symbolic":"call","expression":{"__symbol":2,"members":[]},"arguments":[{"id":"name_5e06f232_szmh","name":"{{name_5e06f232_szmh}}","binding":"name","updateOn":"blur","defaultI18nValue":"书名","validRules":[{"type":"required","constraints":[true]},{"type":"matches","constraints":[""]}]}]}]}],"author":[{"__symbolic":"property","decorators":[{"__symbolic":"call","expression":{"__symbol":2,"members":[]},"arguments":[{"id":"author_6b29617f_i6up","name":"{{author_6b29617f_i6up}}","binding":"author","updateOn":"blur","defaultI18nValue":"作者","validRules":[{"type":"required","constraints":[true]},{"type":"matches","constraints":[""]}]}]}]}],"publishing_house":[{"__symbolic":"property","decorators":[{"__symbolic":"call","expression":{"__symbol":2,"members":[]},"arguments":[{"id":"publishing_house_c71a00af_01i0","name":"{{publishing_house_c71a00af_01i0}}","binding":"publishing_house","updateOn":"blur","defaultI18nValue":"出版社","validRules":[{"type":"matches","constraints":[""]}]}]}]}],"publication_date":[{"__symbolic":"property","decorators":[{"__symbolic":"call","expression":{"__symbol":2,"members":[]},"arguments":[{"id":"publication_date_2a3328d9_emtt","name":"{{publication_date_2a3328d9_emtt}}","binding":"publication_date","updateOn":"blur","valueConverter":{"__symbolic":"new","expression":{"__symbol":3,"members":[]},"arguments":["yyyy-MM-dd"]},"defaultI18nValue":"出版日期"}]}]}],"bstatus":[{"__symbolic":"property","decorators":[{"__symbolic":"call","expression":{"__symbol":2,"members":[]},"arguments":[{"id":"bstatus_478fcb04_s736","name":"{{bstatus_478fcb04_s736}}","binding":"bstatus","updateOn":"change","defaultI18nValue":"状态"}]}]}],"id":[{"__symbolic":"property","decorators":[{"__symbolic":"call","expression":{"__symbol":2,"members":[]},"arguments":[{"id":"id_69b2ffca_f9b9","name":"{{id_69b2ffca_f9b9}}","binding":"id","updateOn":"blur","defaultI18nValue":"主键","validRules":[{"type":"required","constraints":[true]},{"type":"matches","constraints":[""]}]}]}]}]}},"type":{"summaryKind":3,"type":{"reference":{"__symbol":0,"members":[]},"diDeps":[],"lifecycleHooks":[1]}}}],"symbols":[{"__symbol":0,"name":"BasicFormViewmodelForm","filePath":"./basicformviewmodelform"},{"__symbol":1,"name":"Form","filePath":"@farris/devkit"},{"__symbol":2,"name":"NgFormControl","filePath":"@farris/devkit"},{"__symbol":3,"name":"DateConverter","filePath":"@farris/kendo-binding"}]}