{"moduleName":null,"summaries":[{"symbol":{"__symbol":0,"members":[]},"metadata":{"__symbolic":"class","extends":{"__symbol":1,"members":[]},"members":{"book_id":[{"__symbolic":"property","decorators":[{"__symbolic":"call","expression":{"__symbol":2,"members":[]},"arguments":[{"originalDataField":"book_id","dataField":"book_id","primary":true,"originalDataFieldType":"String","initValue":"","path":"book_id.book_id","validRules":[{"type":"required","constraints":[true]},{"type":"maxLength","constraints":[36],"message":"最大长度为36"}]}]}]}],"book_id_name":[{"__symbolic":"property","decorators":[{"__symbolic":"call","expression":{"__symbol":2,"members":[]},"arguments":[{"originalDataField":"name","dataField":"book_id_name","originalDataFieldType":"String","initValue":"","path":"book_id.book_id_name","validRules":[{"type":"maxLength","constraints":[36],"message":"最大长度为36"}]}]}]}]}}}],"symbols":[{"__symbol":0,"name":"Book92f5Entity","filePath":"./book92f5entity"},{"__symbol":1,"name":"Entity","filePath":"@farris/devkit"},{"__symbol":2,"name":"NgField","filePath":"@farris/devkit"}]}