{"moduleName":null,"summaries":[{"symbol":{"__symbol":0,"members":[]},"metadata":{"__symbolic":"class","extends":{"__symbol":1,"members":[]},"members":{"id":[{"__symbolic":"property","decorators":[{"__symbolic":"call","expression":{"__symbol":2,"members":[]},"arguments":[{"originalDataField":"ID","dataField":"id","primary":true,"originalDataFieldType":"String","initValue":"","path":"ID","validRules":[{"type":"required","constraints":[true]},{"type":"maxLength","constraints":[36],"message":"最大长度为36"}]}]}]}],"version":[{"__symbolic":"property","decorators":[{"__symbolic":"call","expression":{"__symbol":2,"members":[]},"arguments":[{"originalDataField":"Version","dataField":"version","originalDataFieldType":"DateTime","initValue":"0001-01-01T00:00:00","path":"Version","enableTimeZone":true}]}]}],"borrow_date":[{"__symbolic":"property","decorators":[{"__symbolic":"call","expression":{"__symbol":2,"members":[]},"arguments":[{"originalDataField":"borrow_date","dataField":"borrow_date","originalDataFieldType":"DateTime","initValue":"0001-01-01T00:00:00","path":"borrow_date","enableTimeZone":true,"validRules":[{"type":"required","constraints":[true]}]}]}]}],"due_date":[{"__symbolic":"property","decorators":[{"__symbolic":"call","expression":{"__symbol":2,"members":[]},"arguments":[{"originalDataField":"due_date","dataField":"due_date","originalDataFieldType":"DateTime","initValue":"0001-01-01T00:00:00","path":"due_date","enableTimeZone":true,"validRules":[{"type":"required","constraints":[true]}]}]}]}],"return_date":[{"__symbolic":"property","decorators":[{"__symbolic":"call","expression":{"__symbol":2,"members":[]},"arguments":[{"originalDataField":"return_date","dataField":"return_date","originalDataFieldType":"DateTime","initValue":"0001-01-01T00:00:00","path":"return_date","enableTimeZone":true}]}]}],"rstatus":[{"__symbolic":"property","decorators":[{"__symbolic":"call","expression":{"__symbol":2,"members":[]},"arguments":[{"originalDataField":"rstatus","dataField":"rstatus","originalDataFieldType":"Enum","defaultValue":"","initValue":"1","path":"rstatus"}]}]}],"notes":[{"__symbolic":"property","decorators":[{"__symbolic":"call","expression":{"__symbol":2,"members":[]},"arguments":[{"originalDataField":"notes","dataField":"notes","originalDataFieldType":"String","initValue":"","path":"notes","validRules":[{"type":"maxLength","constraints":[36],"message":"最大长度为36"}]}]}]}],"reader_id":[{"__symbolic":"property","decorators":[{"__symbolic":"call","expression":{"__symbol":3,"members":[]},"arguments":[{"dataField":"reader_id","originalDataField":"reader_id","type":{"__symbol":4,"members":[]}}]}]}],"book_id":[{"__symbolic":"property","decorators":[{"__symbolic":"call","expression":{"__symbol":3,"members":[]},"arguments":[{"dataField":"book_id","originalDataField":"book_id","type":{"__symbol":5,"members":[]}}]}]}]}}}],"symbols":[{"__symbol":0,"name":"BorrowingRecordsEntity","filePath":"./borrowingrecordsentity"},{"__symbol":1,"name":"Entity","filePath":"@farris/devkit"},{"__symbol":2,"name":"NgField","filePath":"@farris/devkit"},{"__symbol":3,"name":"NgObject","filePath":"@farris/devkit"},{"__symbol":4,"name":"ReaderCd38Entity","filePath":"./readercd38entity"},{"__symbol":5,"name":"Book92f5Entity","filePath":"./book92f5entity"}]}