{"moduleName":null,"summaries":[{"symbol":{"__symbol":0,"members":[]},"metadata":{"__symbolic":"class","extends":{"__symbol":1,"members":[]},"members":{"reader_id":[{"__symbolic":"property","decorators":[{"__symbolic":"call","expression":{"__symbol":2,"members":[]},"arguments":[{"originalDataField":"reader_id","dataField":"reader_id","primary":true,"originalDataFieldType":"String","initValue":"","path":"reader_id.reader_id","validRules":[{"type":"required","constraints":[true]},{"type":"maxLength","constraints":[36],"message":"最大长度为36"}]}]}]}],"reader_id_name":[{"__symbolic":"property","decorators":[{"__symbolic":"call","expression":{"__symbol":2,"members":[]},"arguments":[{"originalDataField":"name","dataField":"reader_id_name","originalDataFieldType":"String","initValue":"","path":"reader_id.reader_id_name","validRules":[{"type":"maxLength","constraints":[36],"message":"最大长度为36"}]}]}]}]}}}],"symbols":[{"__symbol":0,"name":"ReaderCd38Entity","filePath":"./readercd38entity"},{"__symbol":1,"name":"Entity","filePath":"@farris/devkit"},{"__symbol":2,"name":"NgField","filePath":"@farris/devkit"}]}