{"moduleName":null,"summaries":[{"symbol":{"__symbol":0,"members":[]},"metadata":{"__symbolic":"class","extends":{"__symbol":1,"members":[]},"members":{"version":[{"__symbolic":"property","decorators":[{"__symbolic":"call","expression":{"__symbol":2,"members":[]},"arguments":[{"id":"version_c1e790e2_new3","name":"{{version_c1e790e2_new3}}","binding":"version","updateOn":"blur","valueConverter":{"__symbolic":"new","expression":{"__symbol":3,"members":[]},"arguments":["yyyy-MM-dd"]},"defaultI18nValue":"版本"}]}]}],"name":[{"__symbolic":"property","decorators":[{"__symbolic":"call","expression":{"__symbol":2,"members":[]},"arguments":[{"id":"name_be9fdd20_s8qa","name":"{{name_be9fdd20_s8qa}}","binding":"name","updateOn":"blur","defaultI18nValue":"书名","validRules":[{"type":"required","constraints":[true]},{"type":"matches","constraints":[""]}]}]}]}],"author":[{"__symbolic":"property","decorators":[{"__symbolic":"call","expression":{"__symbol":2,"members":[]},"arguments":[{"id":"author_14f27755_bzi8","name":"{{author_14f27755_bzi8}}","binding":"author","updateOn":"blur","defaultI18nValue":"作者","validRules":[{"type":"required","constraints":[true]},{"type":"matches","constraints":[""]}]}]}]}],"publishing_house":[{"__symbolic":"property","decorators":[{"__symbolic":"call","expression":{"__symbol":2,"members":[]},"arguments":[{"id":"publishing_house_2f9b85c0_s37t","name":"{{publishing_house_2f9b85c0_s37t}}","binding":"publishing_house","updateOn":"blur","defaultI18nValue":"出版社","validRules":[{"type":"matches","constraints":[""]}]}]}]}],"publication_date":[{"__symbolic":"property","decorators":[{"__symbolic":"call","expression":{"__symbol":2,"members":[]},"arguments":[{"id":"publication_date_9359d337_sclm","name":"{{publication_date_9359d337_sclm}}","binding":"publication_date","updateOn":"blur","valueConverter":{"__symbolic":"new","expression":{"__symbol":3,"members":[]},"arguments":["yyyy-MM-dd"]},"defaultI18nValue":"出版日期"}]}]}],"bstatus":[{"__symbolic":"property","decorators":[{"__symbolic":"call","expression":{"__symbol":2,"members":[]},"arguments":[{"id":"bstatus_5dfb9061_xyqe","name":"{{bstatus_5dfb9061_xyqe}}","binding":"bstatus","updateOn":"change","defaultI18nValue":"状态"}]}]}]}},"type":{"summaryKind":3,"type":{"reference":{"__symbol":0,"members":[]},"diDeps":[],"lifecycleHooks":[1]}}}],"symbols":[{"__symbol":0,"name":"BasicFormViewmodelForm","filePath":"./basicformviewmodelform"},{"__symbol":1,"name":"Form","filePath":"@farris/devkit"},{"__symbol":2,"name":"NgFormControl","filePath":"@farris/devkit"},{"__symbol":3,"name":"DateConverter","filePath":"@farris/kendo-binding"}]}