{"moduleName":null,"summaries":[{"symbol":{"__symbol":0,"members":[]},"metadata":{"__symbolic":"class","extends":{"__symbol":1,"members":[]},"members":{"reader_id":[{"__symbolic":"property","decorators":[{"__symbolic":"call","expression":{"__symbol":2,"members":[]},"arguments":[{"id":"reader_id.reader_id","name":"{{reader_id_cd38ce3f_994g}}","binding":"reader_id.reader_id","updateOn":"blur","defaultI18nValue":"借阅者ID"}]}]}],"reader_id_reader_id_name":[{"__symbolic":"property","decorators":[{"__symbolic":"call","expression":{"__symbol":2,"members":[]},"arguments":[{"id":"reader_id.reader_id_name","name":"{{reader_id_reader_id_name_7e7ecb28_3u3c}}","binding":"reader_id.reader_id_name","updateOn":"blur","defaultI18nValue":"姓名"}]}]}],"book_id":[{"__symbolic":"property","decorators":[{"__symbolic":"call","expression":{"__symbol":2,"members":[]},"arguments":[{"id":"book_id.book_id","name":"{{book_id_92f531b7_eek8}}","binding":"book_id.book_id","updateOn":"blur","defaultI18nValue":"数据ID"}]}]}],"book_id_book_id_name":[{"__symbolic":"property","decorators":[{"__symbolic":"call","expression":{"__symbol":2,"members":[]},"arguments":[{"id":"book_id.book_id_name","name":"{{book_id_book_id_name_3754e752_tox3}}","binding":"book_id.book_id_name","updateOn":"blur","defaultI18nValue":"书名"}]}]}],"borrow_date":[{"__symbolic":"property","decorators":[{"__symbolic":"call","expression":{"__symbol":2,"members":[]},"arguments":[{"id":"borrow_date","name":"{{borrow_date_65ae19c2_9eah}}","binding":"borrow_date","updateOn":"blur","valueConverter":{"__symbolic":"new","expression":{"__symbol":3,"members":[]},"arguments":["yyyy-MM-dd"]},"defaultI18nValue":"借阅时间"}]}]}],"due_date":[{"__symbolic":"property","decorators":[{"__symbolic":"call","expression":{"__symbol":2,"members":[]},"arguments":[{"id":"due_date","name":"{{due_date_353e56f6_041e}}","binding":"due_date","updateOn":"blur","valueConverter":{"__symbolic":"new","expression":{"__symbol":3,"members":[]},"arguments":["yyyy-MM-dd"]},"defaultI18nValue":"应还日期"}]}]}],"return_date":[{"__symbolic":"property","decorators":[{"__symbolic":"call","expression":{"__symbol":2,"members":[]},"arguments":[{"id":"return_date","name":"{{return_date_e41c3e1a_iu6u}}","binding":"return_date","updateOn":"blur","valueConverter":{"__symbolic":"new","expression":{"__symbol":3,"members":[]},"arguments":["yyyy-MM-dd"]},"defaultI18nValue":"归还日期"}]}]}],"rstatus":[{"__symbolic":"property","decorators":[{"__symbolic":"call","expression":{"__symbol":2,"members":[]},"arguments":[{"id":"rstatus","name":"{{rstatus_f0c51e4e_3exz}}","binding":"rstatus","updateOn":"change","defaultI18nValue":"状态"}]}]}],"notes":[{"__symbolic":"property","decorators":[{"__symbolic":"call","expression":{"__symbol":2,"members":[]},"arguments":[{"id":"notes","name":"{{notes_bf15a201_kfpv}}","binding":"notes","updateOn":"blur","defaultI18nValue":"备注"}]}]}]}},"type":{"summaryKind":3,"type":{"reference":{"__symbol":0,"members":[]},"diDeps":[],"lifecycleHooks":[1]}}}],"symbols":[{"__symbol":0,"name":"DataGridComponentViewmodelForm","filePath":"./datagridcomponentviewmodelform"},{"__symbol":1,"name":"Form","filePath":"@farris/devkit"},{"__symbol":2,"name":"NgFormControl","filePath":"@farris/devkit"},{"__symbol":3,"name":"DateConverter","filePath":"@farris/kendo-binding"}]}