{"moduleName":null,"summaries":[{"symbol":{"__symbol":0,"members":[]},"metadata":{"__symbolic":"class","extends":{"__symbol":1,"members":[]},"members":{"phoneNumber":[{"__symbolic":"property","decorators":[{"__symbolic":"call","expression":{"__symbol":2,"members":[]},"arguments":[{"originalDataField":"PhoneNumber","dataField":"phoneNumber","originalDataFieldType":"String","initValue":"","path":"phone.PhoneNumber","validRules":[{"type":"maxLength","constraints":[36],"message":"最大长度为36"}]}]}]}]}}}],"symbols":[{"__symbol":0,"name":"PhoneNumberD254Entity","filePath":"./phonenumberd254entity"},{"__symbol":1,"name":"Entity","filePath":"@farris/devkit"},{"__symbol":2,"name":"NgField","filePath":"@farris/devkit"}]}