{"moduleName":null,"summaries":[{"symbol":{"__symbol":0,"members":[]},"metadata":{"__symbolic":"class","extends":{"__symbol":1,"members":[]},"members":{"__ctor__":[{"__symbolic":"constructor","parameters":[{"__symbol":2,"members":[]}]}]}},"type":{"summaryKind":3,"type":{"reference":{"__symbol":0,"members":[]},"diDeps":[{"isAttribute":false,"isHost":false,"isSelf":false,"isSkipSelf":false,"isOptional":false,"token":{"identifier":{"reference":{"__symbol":2,"members":[]}}}}],"lifecycleHooks":[1]}}}],"symbols":[{"__symbol":0,"name":"BorrowingRecordsRepository","filePath":"./borrowingrecordsrepository"},{"__symbol":1,"name":"BefRepository","filePath":"@farris/bef"},{"__symbol":2,"name":"Injector","filePath":"@angular/core"}]}