{"moduleName":null,"summaries":[{"symbol":{"__symbol":0,"members":[]},"metadata":{"__symbolic":"class","extends":{"__symbol":1,"members":[]},"members":{"version":[{"__symbolic":"property","decorators":[{"__symbolic":"call","expression":{"__symbol":2,"members":[]},"arguments":[{"id":"version_7562dd01_rjne","name":"{{version_7562dd01_rjne}}","binding":"version","updateOn":"blur","valueConverter":{"__symbolic":"new","expression":{"__symbol":3,"members":[]},"arguments":["yyyy-MM-dd"]},"defaultI18nValue":"版本"}]}]}],"reader_id":[{"__symbolic":"property","decorators":[{"__symbolic":"call","expression":{"__symbol":2,"members":[]},"arguments":[{"id":"reader_id_cd38ce3f_s96v","name":"{{reader_id_cd38ce3f_s96v}}","binding":"reader_id.reader_id","updateOn":"blur","defaultI18nValue":"借阅者ID","validRules":[{"type":"required","constraints":[true]}]}]}]}],"reader_id_reader_id_name":[{"__symbolic":"property","decorators":[{"__symbolic":"call","expression":{"__symbol":2,"members":[]},"arguments":[{"id":"reader_id_reader_id_name_ca4337cb_t47l","name":"{{reader_id_reader_id_name_ca4337cb_t47l}}","binding":"reader_id.reader_id_name","updateOn":"blur","defaultI18nValue":"姓名"}]}]}],"book_id":[{"__symbolic":"property","decorators":[{"__symbolic":"call","expression":{"__symbol":2,"members":[]},"arguments":[{"id":"book_id_92f531b7_4hnl","name":"{{book_id_92f531b7_4hnl}}","binding":"book_id.book_id","updateOn":"blur","defaultI18nValue":"数据ID","validRules":[{"type":"required","constraints":[true]}]}]}]}],"book_id_book_id_name":[{"__symbolic":"property","decorators":[{"__symbolic":"call","expression":{"__symbol":2,"members":[]},"arguments":[{"id":"book_id_book_id_name_54e83f87_yufc","name":"{{book_id_book_id_name_54e83f87_yufc}}","binding":"book_id.book_id_name","updateOn":"blur","defaultI18nValue":"书名"}]}]}],"borrow_date":[{"__symbolic":"property","decorators":[{"__symbolic":"call","expression":{"__symbol":2,"members":[]},"arguments":[{"id":"borrow_date_65e8e886_bmex","name":"{{borrow_date_65e8e886_bmex}}","binding":"borrow_date","updateOn":"blur","valueConverter":{"__symbolic":"new","expression":{"__symbol":3,"members":[]},"arguments":["yyyy-MM-dd"]},"defaultI18nValue":"借阅时间","validRules":[{"type":"required","constraints":[true]}]}]}]}],"due_date":[{"__symbolic":"property","decorators":[{"__symbolic":"call","expression":{"__symbol":2,"members":[]},"arguments":[{"id":"due_date_b0270f3d_wrh1","name":"{{due_date_b0270f3d_wrh1}}","binding":"due_date","updateOn":"blur","valueConverter":{"__symbolic":"new","expression":{"__symbol":3,"members":[]},"arguments":["yyyy-MM-dd"]},"defaultI18nValue":"应还日期","validRules":[{"type":"required","constraints":[true]}]}]}]}],"return_date":[{"__symbolic":"property","decorators":[{"__symbolic":"call","expression":{"__symbol":2,"members":[]},"arguments":[{"id":"return_date_ff65912b_izvj","name":"{{return_date_ff65912b_izvj}}","binding":"return_date","updateOn":"blur","valueConverter":{"__symbolic":"new","expression":{"__symbol":3,"members":[]},"arguments":["yyyy-MM-dd"]},"defaultI18nValue":"归还日期"}]}]}],"rstatus":[{"__symbolic":"property","decorators":[{"__symbolic":"call","expression":{"__symbol":2,"members":[]},"arguments":[{"id":"rstatus_3d04cde5_waeb","name":"{{rstatus_3d04cde5_waeb}}","binding":"rstatus","updateOn":"change","defaultI18nValue":"状态"}]}]}],"notes":[{"__symbolic":"property","decorators":[{"__symbolic":"call","expression":{"__symbol":2,"members":[]},"arguments":[{"id":"notes_494b4a5e_5w9n","name":"{{notes_494b4a5e_5w9n}}","binding":"notes","updateOn":"blur","defaultI18nValue":"备注","validRules":[{"type":"matches","constraints":[""]}]}]}]}]}},"type":{"summaryKind":3,"type":{"reference":{"__symbol":0,"members":[]},"diDeps":[],"lifecycleHooks":[1]}}}],"symbols":[{"__symbol":0,"name":"BasicFormViewmodelForm","filePath":"./basicformviewmodelform"},{"__symbol":1,"name":"Form","filePath":"@farris/devkit"},{"__symbol":2,"name":"NgFormControl","filePath":"@farris/devkit"},{"__symbol":3,"name":"DateConverter","filePath":"@farris/kendo-binding"}]}