{"moduleName":null,"summaries":[{"symbol":{"__symbol":0,"members":[]},"metadata":{"type":"string"}},{"symbol":{"__symbol":1,"members":[]},"metadata":{"__symbolic":"class","extends":{"__symbol":2,"members":[]},"members":{"Load1":[{"__symbolic":"method","decorators":[{"__symbolic":"call","expression":{"__symbol":3,"members":[]},"arguments":[{"name":"Load1","params":{"filter":"","sort":""},"paramDescriptions":{"filter":{"type":"string"},"sort":{"type":"string"}}}]}]}],"Search1":[{"__symbolic":"method","decorators":[{"__symbolic":"call","expression":{"__symbol":3,"members":[]},"arguments":[{"name":"Search1","params":{"filter":"","sort":"","pageSize":"","pageIndex":"","specialFilterValues":""},"paramDescriptions":{"filter":{"type":"string"},"sort":{"type":"string"},"pageSize":{"type":"int"},"pageIndex":{"type":"int"},"specialFilterValues":{"type":"string"}}}]}]}],"RemoveRows1":[{"__symbolic":"method","decorators":[{"__symbolic":"call","expression":{"__symbol":3,"members":[]},"arguments":[{"name":"RemoveRows1","params":{"ids":"{UISTATE~/#{data-grid-component}/ids}","refreshCommandName":"","refreshCommandFrameId":"","successMsg":""},"paramDescriptions":{"ids":{"type":"decimal"},"refreshCommandName":{"type":"string"},"refreshCommandFrameId":{"type":"string"},"successMsg":{"type":"string"}}}]}]}],"Add1":[{"__symbolic":"method","decorators":[{"__symbolic":"call","expression":{"__symbol":3,"members":[]},"arguments":[{"name":"Add1","params":{"url":"a1129957-9538-45c2-b25e-cf05f989c36c","params":"{\"action\":\"LoadAndAdd1\"}","enableRefresh":"","tabName":"","destructuring":""},"paramDescriptions":{"url":{"type":"string"},"params":{"type":"string"},"enableRefresh":{"type":"string"},"tabName":{"type":"string"},"destructuring":{"type":"string"}}}]}]}],"View1":[{"__symbolic":"method","decorators":[{"__symbolic":"call","expression":{"__symbol":3,"members":[]},"arguments":[{"name":"View1","params":{"url":"4990f145-e536-4a0c-ac55-58f61f11b97f","params":"{\"action\":\"LoadAndView1\", \"id\":\"{DATA~/#{data-grid-component}/id}\"}","idToView":"{DATA~/#{data-grid-component}/id}","enableRefresh":"true","tabName":"","destructuring":""},"paramDescriptions":{"url":{"type":"string"},"params":{"type":"string"},"idToView":{"type":"string"},"enableRefresh":{"type":"string"},"tabName":{"type":"string"},"destructuring":{"type":"string"}}}]}]}],"Edit1":[{"__symbolic":"method","decorators":[{"__symbolic":"call","expression":{"__symbol":3,"members":[]},"arguments":[{"name":"Edit1","params":{"url":"4990f145-e536-4a0c-ac55-58f61f11b97f","params":"{\"action\":\"LoadAndEdit1\", \"id\":\"{DATA~/#{data-grid-component}/id}\"}","idToEdit":"{DATA~/#{data-grid-component}/id}","enableRefresh":"true","tabName":"","destructuring":""},"paramDescriptions":{"url":{"type":"string"},"params":{"type":"string"},"idToEdit":{"type":"string"},"enableRefresh":{"type":"string"},"tabName":{"type":"string"},"destructuring":{"type":"string"}}}]}]}],"Remove1":[{"__symbolic":"method","decorators":[{"__symbolic":"call","expression":{"__symbol":3,"members":[]},"arguments":[{"name":"Remove1","params":{"id":"{DATA~/#{data-grid-component}/id}","refreshCommandName":"","refreshCommandFrameId":"","successMsg":""},"paramDescriptions":{"id":{"__symbol":0,"members":[]},"refreshCommandName":{"type":"string"},"refreshCommandFrameId":{"type":"string"},"successMsg":{"type":"string"}}}]}]}],"Filter1":[{"__symbolic":"method","decorators":[{"__symbolic":"call","expression":{"__symbol":3,"members":[]},"arguments":[{"name":"Filter1","params":{"filter":"{UISTATE~/#{root-component}/originalFilterConditionList}","sort":""},"paramDescriptions":{"filter":{"type":"string"},"sort":{"type":"string"}}}]}]}],"rootviewmodelAdd1":[{"__symbolic":"method","decorators":[{"__symbolic":"call","expression":{"__symbol":3,"members":[]},"arguments":[{"name":"rootviewmodelAdd1","params":{"url":"4dabcf34-4299-4f10-aa03-a86ec46aa524","params":"","enableRefresh":"true","tabName":"","destructuring":""},"paramDescriptions":{"url":{"type":"string"},"params":{"type":"string"},"enableRefresh":{"type":"string"},"tabName":{"type":"string"},"destructuring":{"type":"string"}}}]}]}],"rootviewmodelEdit1":[{"__symbolic":"method","decorators":[{"__symbolic":"call","expression":{"__symbol":3,"members":[]},"arguments":[{"name":"rootviewmodelEdit1","params":{"url":"4dabcf34-4299-4f10-aa03-a86ec46aa524","params":"","idToEdit":"","enableRefresh":"","tabName":"","destructuring":""},"paramDescriptions":{"url":{"type":"string"},"params":{"type":"string"},"idToEdit":{"type":"string"},"enableRefresh":{"type":"string"},"tabName":{"type":"string"},"destructuring":{"type":"string"}}}]}]}],"rootviewmodelEdit2":[{"__symbolic":"method","decorators":[{"__symbolic":"call","expression":{"__symbol":3,"members":[]},"arguments":[{"name":"rootviewmodelEdit2","params":{"url":"4dabcf34-4299-4f10-aa03-a86ec46aa524","params":"","idToEdit":"","enableRefresh":"true","tabName":"","destructuring":""},"paramDescriptions":{"url":{"type":"string"},"params":{"type":"string"},"idToEdit":{"type":"string"},"enableRefresh":{"type":"string"},"tabName":{"type":"string"},"destructuring":{"type":"string"}}}]}]}],"rootviewmodelAdd2":[{"__symbolic":"method","decorators":[{"__symbolic":"call","expression":{"__symbol":3,"members":[]},"arguments":[{"name":"rootviewmodelAdd2","params":{"url":"4990f145-e536-4a0c-ac55-58f61f11b97f","params":"{\"action\":\"LoadAndAdd1\"}","enableRefresh":"","tabName":"","destructuring":""},"paramDescriptions":{"url":{"type":"string"},"params":{"type":"string"},"enableRefresh":{"type":"string"},"tabName":{"type":"string"},"destructuring":{"type":"string"}}}]}]}]}},"type":{"summaryKind":3,"type":{"reference":{"__symbol":1,"members":[]},"diDeps":[],"lifecycleHooks":[1]}}}],"symbols":[{"__symbol":0,"name":"ɵ0","filePath":"./rootviewmodel"},{"__symbol":1,"name":"RootViewmodel","filePath":"./rootviewmodel"},{"__symbol":2,"name":"ViewModel","filePath":"@farris/devkit"},{"__symbol":3,"name":"NgCommand","filePath":"@farris/devkit"}]}