{"moduleName":null,"summaries":[{"symbol":{"__symbol":0,"members":[]},"metadata":{"__symbolic":"class","extends":{"__symbol":1,"members":[]},"members":{"name":[{"__symbolic":"property","decorators":[{"__symbolic":"call","expression":{"__symbol":2,"members":[]},"arguments":[{"id":"name_35962ea3_vli6","name":"{{name_35962ea3_vli6}}","binding":"name","updateOn":"blur","defaultI18nValue":"姓名","validRules":[{"type":"required","constraints":[true]},{"type":"matches","constraints":[""]}]}]}]}],"phone_PhoneNumber":[{"__symbolic":"property","decorators":[{"__symbolic":"call","expression":{"__symbol":2,"members":[]},"arguments":[{"id":"phone_PhoneNumber_c6e8062a_syff","name":"{{phone_PhoneNumber_c6e8062a_syff}}","binding":"phone.phoneNumber","updateOn":"blur","defaultI18nValue":"手机电话号码","validRules":[{"type":"matches","constraints":[""]}]}]}]}],"password":[{"__symbolic":"property","decorators":[{"__symbolic":"call","expression":{"__symbol":2,"members":[]},"arguments":[{"id":"password_4cf5f27e_pmhe","name":"{{password_4cf5f27e_pmhe}}","binding":"password","updateOn":"blur","defaultI18nValue":"密码","validRules":[{"type":"required","constraints":[true]},{"type":"matches","constraints":[""]}]}]}]}],"id":[{"__symbolic":"property","decorators":[{"__symbolic":"call","expression":{"__symbol":2,"members":[]},"arguments":[{"id":"id_f72e08a6_agux","name":"{{id_f72e08a6_agux}}","binding":"id","updateOn":"blur","defaultI18nValue":"主键","validRules":[{"type":"required","constraints":[true]},{"type":"matches","constraints":[""]}]}]}]}],"rstatus":[{"__symbolic":"property","decorators":[{"__symbolic":"call","expression":{"__symbol":2,"members":[]},"arguments":[{"id":"rstatus_336df55a_ltrw","name":"{{rstatus_336df55a_ltrw}}","binding":"rstatus","updateOn":"change","defaultI18nValue":"状态"}]}]}]}},"type":{"summaryKind":3,"type":{"reference":{"__symbol":0,"members":[]},"diDeps":[],"lifecycleHooks":[1]}}}],"symbols":[{"__symbol":0,"name":"BasicFormViewmodelForm","filePath":"./basicformviewmodelform"},{"__symbol":1,"name":"Form","filePath":"@farris/devkit"},{"__symbol":2,"name":"NgFormControl","filePath":"@farris/devkit"}]}