[{"autoIncre":true,"category":"form","key":"polyfills.js","value":"b767a96b765574"},{"autoIncre":true,"category":"form","key":"main.js","value":"47b8d6fad079ed"},{"autoIncre":true,"category":"form","key":"book.js","value":"2599d1af8e7a24"},{"autoIncre":true,"category":"form","key":"booklist.js","value":"78f3c6286f50e2"},{"autoIncre":true,"category":"form","key":"bookform.js","value":"f4bac925a0fea1"},{"autoIncre":true,"category":"form","key":"readerform.js","value":"464276b4efa69d"},{"autoIncre":true,"category":"form","key":"readerlist.js","value":"92a59a628851a4"},{"autoIncre":true,"category":"form","key":"borrowingrecordsfrom.js","value":"05a549cd4a5c60"},{"autoIncre":true,"category":"form","key":"borrowingrecordslist.js","value":"c1199c0c01c694"}]