{"moduleName":null,"summaries":[{"symbol":{"__symbol":0,"members":[]},"metadata":{"__symbolic":"class","extends":{"__symbol":1,"members":[]},"members":{"id":[{"__symbolic":"property","decorators":[{"__symbolic":"call","expression":{"__symbol":2,"members":[]},"arguments":[{"originalDataField":"ID","dataField":"id","primary":true,"originalDataFieldType":"String","initValue":"","path":"ID","validRules":[{"type":"required","constraints":[true]},{"type":"maxLength","constraints":[36],"message":"最大长度为36"}]}]}]}],"version":[{"__symbolic":"property","decorators":[{"__symbolic":"call","expression":{"__symbol":2,"members":[]},"arguments":[{"originalDataField":"Version","dataField":"version","originalDataFieldType":"DateTime","initValue":"0001-01-01T00:00:00","path":"Version","enableTimeZone":true}]}]}],"name":[{"__symbolic":"property","decorators":[{"__symbolic":"call","expression":{"__symbol":2,"members":[]},"arguments":[{"originalDataField":"name","dataField":"name","originalDataFieldType":"String","initValue":"","path":"name","validRules":[{"type":"required","constraints":[true]},{"type":"maxLength","constraints":[36],"message":"最大长度为36"}]}]}]}],"rstatus":[{"__symbolic":"property","decorators":[{"__symbolic":"call","expression":{"__symbol":2,"members":[]},"arguments":[{"originalDataField":"rstatus","dataField":"rstatus","originalDataFieldType":"Enum","defaultValue":"","initValue":"1","path":"rstatus"}]}]}],"password":[{"__symbolic":"property","decorators":[{"__symbolic":"call","expression":{"__symbol":2,"members":[]},"arguments":[{"originalDataField":"password","dataField":"password","originalDataFieldType":"String","initValue":"","path":"password","validRules":[{"type":"required","constraints":[true]},{"type":"maxLength","constraints":[36],"message":"最大长度为36"}]}]}]}],"phone":[{"__symbolic":"property","decorators":[{"__symbolic":"call","expression":{"__symbol":3,"members":[]},"arguments":[{"dataField":"phone","originalDataField":"phone","type":{"__symbol":4,"members":[]}}]}]}]}}}],"symbols":[{"__symbol":0,"name":"ReaderEntity","filePath":"./readerentity"},{"__symbol":1,"name":"Entity","filePath":"@farris/devkit"},{"__symbol":2,"name":"NgField","filePath":"@farris/devkit"},{"__symbol":3,"name":"NgObject","filePath":"@farris/devkit"},{"__symbol":4,"name":"PhoneNumberC6e8Entity","filePath":"./phonenumberc6e8entity"}]}